<?xml version="1.0" encoding="UTF-8" standalone="no"?>
<Summary>
    <Stat>
        <Name>column_name</Name>
        <Min>min_val</Min>
        <Max>max_val</Max>
        <Avg>avg_val</Avg>
    </Stat>
    <Stat>
        <Name>incidents_85_99</Name>
        <Min>0</Min>
        <Max>76</Max>
        <Avg>7</Avg>
    </Stat>
    <Stat>
        <Name>fatal_accidents_85_99</Name>
        <Min>0</Min>
        <Max>14</Max>
        <Avg>2</Avg>
    </Stat>
    <Stat>
        <Name>fatalities_85_99</Name>
        <Min>0</Min>
        <Max>535</Max>
        <Avg>112</Avg>
    </Stat>
    <Stat>
        <Name>incidents_00_14</Name>
        <Min>0</Min>
        <Max>24</Max>
        <Avg>4</Avg>
    </Stat>
    <Stat>
        <Name>fatal_accidents_00_14</Name>
        <Min>0</Min>
        <Max>3</Max>
        <Avg>0</Avg>
    </Stat>
    <Stat>
        <Name>fatalities_00_14</Name>
        <Min>0</Min>
        <Max>537</Max>
        <Avg>55</Avg>
    </Stat>
    <Stat>
        <Name>total_incidents</Name>
        <Min>0</Min>
        <Max>82</Max>
        <Avg>11</Avg>
    </Stat>
</Summary>
