<?xml version="1.0" encoding="UTF-8" standalone="no"?>
<Flight_Data>
    <Airline Name="Aer Lingus">
        <avail_seat_km_per_week>320906734</avail_seat_km_per_week>
        <incidents_85_99>2</incidents_85_99>
        <fatal_accidents_85_99>0</fatal_accidents_85_99>
        <fatalities_85_99>0</fatalities_85_99>
        <incidents_00_14>0</incidents_00_14>
        <fatal_accidents_00_14>0</fatal_accidents_00_14>
        <fatalities_00_14>0</fatalities_00_14>
        <total_incidents>2</total_incidents>
    </Airline>
    <Airline Name="Aeroflot*">
        <avail_seat_km_per_week>1197672318</avail_seat_km_per_week>
        <incidents_85_99>76</incidents_85_99>
        <fatal_accidents_85_99>14</fatal_accidents_85_99>
        <fatalities_85_99>128</fatalities_85_99>
        <incidents_00_14>6</incidents_00_14>
        <fatal_accidents_00_14>1</fatal_accidents_00_14>
        <fatalities_00_14>88</fatalities_00_14>
        <total_incidents>82</total_incidents>
    </Airline>
    <Airline Name="Aerolineas Argentinas">
        <avail_seat_km_per_week>385803648</avail_seat_km_per_week>
        <incidents_85_99>6</incidents_85_99>
        <fatal_accidents_85_99>0</fatal_accidents_85_99>
        <fatalities_85_99>0</fatalities_85_99>
        <incidents_00_14>1</incidents_00_14>
        <fatal_accidents_00_14>0</fatal_accidents_00_14>
        <fatalities_00_14>0</fatalities_00_14>
        <total_incidents>7</total_incidents>
    </Airline>
    <Airline Name="Aeromexico*">
        <avail_seat_km_per_week>596871813</avail_seat_km_per_week>
        <incidents_85_99>3</incidents_85_99>
        <fatal_accidents_85_99>1</fatal_accidents_85_99>
        <fatalities_85_99>64</fatalities_85_99>
        <incidents_00_14>5</incidents_00_14>
        <fatal_accidents_00_14>0</fatal_accidents_00_14>
        <fatalities_00_14>0</fatalities_00_14>
        <total_incidents>8</total_incidents>
    </Airline>
    <Airline Name="Air Canada">
        <avail_seat_km_per_week>1865253802</avail_seat_km_per_week>
        <incidents_85_99>2</incidents_85_99>
        <fatal_accidents_85_99>0</fatal_accidents_85_99>
        <fatalities_85_99>0</fatalities_85_99>
        <incidents_00_14>2</incidents_00_14>
        <fatal_accidents_00_14>0</fatal_accidents_00_14>
        <fatalities_00_14>0</fatalities_00_14>
        <total_incidents>4</total_incidents>
    </Airline>
    <Airline Name="Air France">
        <avail_seat_km_per_week>3004002661</avail_seat_km_per_week>
        <incidents_85_99>14</incidents_85_99>
        <fatal_accidents_85_99>4</fatal_accidents_85_99>
        <fatalities_85_99>79</fatalities_85_99>
        <incidents_00_14>6</incidents_00_14>
        <fatal_accidents_00_14>2</fatal_accidents_00_14>
        <fatalities_00_14>337</fatalities_00_14>
        <total_incidents>20</total_incidents>
    </Airline>
    <Airline Name="Air India*">
        <avail_seat_km_per_week>869253552</avail_seat_km_per_week>
        <incidents_85_99>2</incidents_85_99>
        <fatal_accidents_85_99>1</fatal_accidents_85_99>
        <fatalities_85_99>329</fatalities_85_99>
        <incidents_00_14>4</incidents_00_14>
        <fatal_accidents_00_14>1</fatal_accidents_00_14>
        <fatalities_00_14>158</fatalities_00_14>
        <total_incidents>6</total_incidents>
    </Airline>
    <Airline Name="Air New Zealand*">
        <avail_seat_km_per_week>710174817</avail_seat_km_per_week>
        <incidents_85_99>3</incidents_85_99>
        <fatal_accidents_85_99>0</fatal_accidents_85_99>
        <fatalities_85_99>0</fatalities_85_99>
        <incidents_00_14>5</incidents_00_14>
        <fatal_accidents_00_14>1</fatal_accidents_00_14>
        <fatalities_00_14>7</fatalities_00_14>
        <total_incidents>8</total_incidents>
    </Airline>
    <Airline Name="Alaska Airlines*">
        <avail_seat_km_per_week>965346773</avail_seat_km_per_week>
        <incidents_85_99>5</incidents_85_99>
        <fatal_accidents_85_99>0</fatal_accidents_85_99>
        <fatalities_85_99>0</fatalities_85_99>
        <incidents_00_14>5</incidents_00_14>
        <fatal_accidents_00_14>1</fatal_accidents_00_14>
        <fatalities_00_14>88</fatalities_00_14>
        <total_incidents>10</total_incidents>
    </Airline>
    <Airline Name="Alitalia">
        <avail_seat_km_per_week>698012498</avail_seat_km_per_week>
        <incidents_85_99>7</incidents_85_99>
        <fatal_accidents_85_99>2</fatal_accidents_85_99>
        <fatalities_85_99>50</fatalities_85_99>
        <incidents_00_14>4</incidents_00_14>
        <fatal_accidents_00_14>0</fatal_accidents_00_14>
        <fatalities_00_14>0</fatalities_00_14>
        <total_incidents>11</total_incidents>
    </Airline>
    <Airline Name="All Nippon Airways">
        <avail_seat_km_per_week>1841234177</avail_seat_km_per_week>
        <incidents_85_99>3</incidents_85_99>
        <fatal_accidents_85_99>1</fatal_accidents_85_99>
        <fatalities_85_99>1</fatalities_85_99>
        <incidents_00_14>7</incidents_00_14>
        <fatal_accidents_00_14>0</fatal_accidents_00_14>
        <fatalities_00_14>0</fatalities_00_14>
        <total_incidents>10</total_incidents>
    </Airline>
    <Airline Name="American*">
        <avail_seat_km_per_week>5228357340</avail_seat_km_per_week>
        <incidents_85_99>21</incidents_85_99>
        <fatal_accidents_85_99>5</fatal_accidents_85_99>
        <fatalities_85_99>101</fatalities_85_99>
        <incidents_00_14>17</incidents_00_14>
        <fatal_accidents_00_14>3</fatal_accidents_00_14>
        <fatalities_00_14>416</fatalities_00_14>
        <total_incidents>38</total_incidents>
    </Airline>
    <Airline Name="Austrian Airlines">
        <avail_seat_km_per_week>358239823</avail_seat_km_per_week>
        <incidents_85_99>1</incidents_85_99>
        <fatal_accidents_85_99>0</fatal_accidents_85_99>
        <fatalities_85_99>0</fatalities_85_99>
        <incidents_00_14>1</incidents_00_14>
        <fatal_accidents_00_14>0</fatal_accidents_00_14>
        <fatalities_00_14>0</fatalities_00_14>
        <total_incidents>2</total_incidents>
    </Airline>
    <Airline Name="Avianca">
        <avail_seat_km_per_week>396922563</avail_seat_km_per_week>
        <incidents_85_99>5</incidents_85_99>
        <fatal_accidents_85_99>3</fatal_accidents_85_99>
        <fatalities_85_99>323</fatalities_85_99>
        <incidents_00_14>0</incidents_00_14>
        <fatal_accidents_00_14>0</fatal_accidents_00_14>
        <fatalities_00_14>0</fatalities_00_14>
        <total_incidents>5</total_incidents>
    </Airline>
    <Airline Name="British Airways*">
        <avail_seat_km_per_week>3179760952</avail_seat_km_per_week>
        <incidents_85_99>4</incidents_85_99>
        <fatal_accidents_85_99>0</fatal_accidents_85_99>
        <fatalities_85_99>0</fatalities_85_99>
        <incidents_00_14>6</incidents_00_14>
        <fatal_accidents_00_14>0</fatal_accidents_00_14>
        <fatalities_00_14>0</fatalities_00_14>
        <total_incidents>10</total_incidents>
    </Airline>
    <Airline Name="Cathay Pacific*">
        <avail_seat_km_per_week>2582459303</avail_seat_km_per_week>
        <incidents_85_99>0</incidents_85_99>
        <fatal_accidents_85_99>0</fatal_accidents_85_99>
        <fatalities_85_99>0</fatalities_85_99>
        <incidents_00_14>2</incidents_00_14>
        <fatal_accidents_00_14>0</fatal_accidents_00_14>
        <fatalities_00_14>0</fatalities_00_14>
        <total_incidents>2</total_incidents>
    </Airline>
    <Airline Name="China Airlines">
        <avail_seat_km_per_week>813216487</avail_seat_km_per_week>
        <incidents_85_99>12</incidents_85_99>
        <fatal_accidents_85_99>6</fatal_accidents_85_99>
        <fatalities_85_99>535</fatalities_85_99>
        <incidents_00_14>2</incidents_00_14>
        <fatal_accidents_00_14>1</fatal_accidents_00_14>
        <fatalities_00_14>225</fatalities_00_14>
        <total_incidents>14</total_incidents>
    </Airline>
    <Airline Name="Condor">
        <avail_seat_km_per_week>417982610</avail_seat_km_per_week>
        <incidents_85_99>2</incidents_85_99>
        <fatal_accidents_85_99>1</fatal_accidents_85_99>
        <fatalities_85_99>16</fatalities_85_99>
        <incidents_00_14>0</incidents_00_14>
        <fatal_accidents_00_14>0</fatal_accidents_00_14>
        <fatalities_00_14>0</fatalities_00_14>
        <total_incidents>2</total_incidents>
    </Airline>
    <Airline Name="COPA">
        <avail_seat_km_per_week>550491507</avail_seat_km_per_week>
        <incidents_85_99>3</incidents_85_99>
        <fatal_accidents_85_99>1</fatal_accidents_85_99>
        <fatalities_85_99>47</fatalities_85_99>
        <incidents_00_14>0</incidents_00_14>
        <fatal_accidents_00_14>0</fatal_accidents_00_14>
        <fatalities_00_14>0</fatalities_00_14>
        <total_incidents>3</total_incidents>
    </Airline>
    <Airline Name="Delta / Northwest*">
        <avail_seat_km_per_week>6525658894</avail_seat_km_per_week>
        <incidents_85_99>24</incidents_85_99>
        <fatal_accidents_85_99>12</fatal_accidents_85_99>
        <fatalities_85_99>407</fatalities_85_99>
        <incidents_00_14>24</incidents_00_14>
        <fatal_accidents_00_14>2</fatal_accidents_00_14>
        <fatalities_00_14>51</fatalities_00_14>
        <total_incidents>48</total_incidents>
    </Airline>
    <Airline Name="Egyptair">
        <avail_seat_km_per_week>557699891</avail_seat_km_per_week>
        <incidents_85_99>8</incidents_85_99>
        <fatal_accidents_85_99>3</fatal_accidents_85_99>
        <fatalities_85_99>282</fatalities_85_99>
        <incidents_00_14>4</incidents_00_14>
        <fatal_accidents_00_14>1</fatal_accidents_00_14>
        <fatalities_00_14>14</fatalities_00_14>
        <total_incidents>12</total_incidents>
    </Airline>
    <Airline Name="El Al">
        <avail_seat_km_per_week>335448023</avail_seat_km_per_week>
        <incidents_85_99>1</incidents_85_99>
        <fatal_accidents_85_99>1</fatal_accidents_85_99>
        <fatalities_85_99>4</fatalities_85_99>
        <incidents_00_14>1</incidents_00_14>
        <fatal_accidents_00_14>0</fatal_accidents_00_14>
        <fatalities_00_14>0</fatalities_00_14>
        <total_incidents>2</total_incidents>
    </Airline>
    <Airline Name="Ethiopian Airlines">
        <avail_seat_km_per_week>488560643</avail_seat_km_per_week>
        <incidents_85_99>25</incidents_85_99>
        <fatal_accidents_85_99>5</fatal_accidents_85_99>
        <fatalities_85_99>167</fatalities_85_99>
        <incidents_00_14>5</incidents_00_14>
        <fatal_accidents_00_14>2</fatal_accidents_00_14>
        <fatalities_00_14>92</fatalities_00_14>
        <total_incidents>30</total_incidents>
    </Airline>
    <Airline Name="Finnair">
        <avail_seat_km_per_week>506464950</avail_seat_km_per_week>
        <incidents_85_99>1</incidents_85_99>
        <fatal_accidents_85_99>0</fatal_accidents_85_99>
        <fatalities_85_99>0</fatalities_85_99>
        <incidents_00_14>0</incidents_00_14>
        <fatal_accidents_00_14>0</fatal_accidents_00_14>
        <fatalities_00_14>0</fatalities_00_14>
        <total_incidents>1</total_incidents>
    </Airline>
    <Airline Name="Garuda Indonesia">
        <avail_seat_km_per_week>613356665</avail_seat_km_per_week>
        <incidents_85_99>10</incidents_85_99>
        <fatal_accidents_85_99>3</fatal_accidents_85_99>
        <fatalities_85_99>260</fatalities_85_99>
        <incidents_00_14>4</incidents_00_14>
        <fatal_accidents_00_14>2</fatal_accidents_00_14>
        <fatalities_00_14>22</fatalities_00_14>
        <total_incidents>14</total_incidents>
    </Airline>
    <Airline Name="Gulf Air">
        <avail_seat_km_per_week>301379762</avail_seat_km_per_week>
        <incidents_85_99>1</incidents_85_99>
        <fatal_accidents_85_99>0</fatal_accidents_85_99>
        <fatalities_85_99>0</fatalities_85_99>
        <incidents_00_14>3</incidents_00_14>
        <fatal_accidents_00_14>1</fatal_accidents_00_14>
        <fatalities_00_14>143</fatalities_00_14>
        <total_incidents>4</total_incidents>
    </Airline>
    <Airline Name="Hawaiian Airlines">
        <avail_seat_km_per_week>493877795</avail_seat_km_per_week>
        <incidents_85_99>0</incidents_85_99>
        <fatal_accidents_85_99>0</fatal_accidents_85_99>
        <fatalities_85_99>0</fatalities_85_99>
        <incidents_00_14>1</incidents_00_14>
        <fatal_accidents_00_14>0</fatal_accidents_00_14>
        <fatalities_00_14>0</fatalities_00_14>
        <total_incidents>1</total_incidents>
    </Airline>
    <Airline Name="Iberia">
        <avail_seat_km_per_week>1173203126</avail_seat_km_per_week>
        <incidents_85_99>4</incidents_85_99>
        <fatal_accidents_85_99>1</fatal_accidents_85_99>
        <fatalities_85_99>148</fatalities_85_99>
        <incidents_00_14>5</incidents_00_14>
        <fatal_accidents_00_14>0</fatal_accidents_00_14>
        <fatalities_00_14>0</fatalities_00_14>
        <total_incidents>9</total_incidents>
    </Airline>
    <Airline Name="Japan Airlines">
        <avail_seat_km_per_week>1574217531</avail_seat_km_per_week>
        <incidents_85_99>3</incidents_85_99>
        <fatal_accidents_85_99>1</fatal_accidents_85_99>
        <fatalities_85_99>520</fatalities_85_99>
        <incidents_00_14>0</incidents_00_14>
        <fatal_accidents_00_14>0</fatal_accidents_00_14>
        <fatalities_00_14>0</fatalities_00_14>
        <total_incidents>3</total_incidents>
    </Airline>
    <Airline Name="Kenya Airways">
        <avail_seat_km_per_week>277414794</avail_seat_km_per_week>
        <incidents_85_99>2</incidents_85_99>
        <fatal_accidents_85_99>0</fatal_accidents_85_99>
        <fatalities_85_99>0</fatalities_85_99>
        <incidents_00_14>2</incidents_00_14>
        <fatal_accidents_00_14>2</fatal_accidents_00_14>
        <fatalities_00_14>283</fatalities_00_14>
        <total_incidents>4</total_incidents>
    </Airline>
    <Airline Name="KLM*">
        <avail_seat_km_per_week>1874561773</avail_seat_km_per_week>
        <incidents_85_99>7</incidents_85_99>
        <fatal_accidents_85_99>1</fatal_accidents_85_99>
        <fatalities_85_99>3</fatalities_85_99>
        <incidents_00_14>1</incidents_00_14>
        <fatal_accidents_00_14>0</fatal_accidents_00_14>
        <fatalities_00_14>0</fatalities_00_14>
        <total_incidents>8</total_incidents>
    </Airline>
    <Airline Name="Korean Air">
        <avail_seat_km_per_week>1734522605</avail_seat_km_per_week>
        <incidents_85_99>12</incidents_85_99>
        <fatal_accidents_85_99>5</fatal_accidents_85_99>
        <fatalities_85_99>425</fatalities_85_99>
        <incidents_00_14>1</incidents_00_14>
        <fatal_accidents_00_14>0</fatal_accidents_00_14>
        <fatalities_00_14>0</fatalities_00_14>
        <total_incidents>13</total_incidents>
    </Airline>
    <Airline Name="LAN Airlines">
        <avail_seat_km_per_week>1001965891</avail_seat_km_per_week>
        <incidents_85_99>3</incidents_85_99>
        <fatal_accidents_85_99>2</fatal_accidents_85_99>
        <fatalities_85_99>21</fatalities_85_99>
        <incidents_00_14>0</incidents_00_14>
        <fatal_accidents_00_14>0</fatal_accidents_00_14>
        <fatalities_00_14>0</fatalities_00_14>
        <total_incidents>3</total_incidents>
    </Airline>
    <Airline Name="Lufthansa*">
        <avail_seat_km_per_week>3426529504</avail_seat_km_per_week>
        <incidents_85_99>6</incidents_85_99>
        <fatal_accidents_85_99>1</fatal_accidents_85_99>
        <fatalities_85_99>2</fatalities_85_99>
        <incidents_00_14>3</incidents_00_14>
        <fatal_accidents_00_14>0</fatal_accidents_00_14>
        <fatalities_00_14>0</fatalities_00_14>
        <total_incidents>9</total_incidents>
    </Airline>
    <Airline Name="Malaysia Airlines">
        <avail_seat_km_per_week>1039171244</avail_seat_km_per_week>
        <incidents_85_99>3</incidents_85_99>
        <fatal_accidents_85_99>1</fatal_accidents_85_99>
        <fatalities_85_99>34</fatalities_85_99>
        <incidents_00_14>3</incidents_00_14>
        <fatal_accidents_00_14>2</fatal_accidents_00_14>
        <fatalities_00_14>537</fatalities_00_14>
        <total_incidents>6</total_incidents>
    </Airline>
    <Airline Name="Pakistan International">
        <avail_seat_km_per_week>348563137</avail_seat_km_per_week>
        <incidents_85_99>8</incidents_85_99>
        <fatal_accidents_85_99>3</fatal_accidents_85_99>
        <fatalities_85_99>234</fatalities_85_99>
        <incidents_00_14>10</incidents_00_14>
        <fatal_accidents_00_14>2</fatal_accidents_00_14>
        <fatalities_00_14>46</fatalities_00_14>
        <total_incidents>18</total_incidents>
    </Airline>
    <Airline Name="Philippine Airlines">
        <avail_seat_km_per_week>413007158</avail_seat_km_per_week>
        <incidents_85_99>7</incidents_85_99>
        <fatal_accidents_85_99>4</fatal_accidents_85_99>
        <fatalities_85_99>74</fatalities_85_99>
        <incidents_00_14>2</incidents_00_14>
        <fatal_accidents_00_14>1</fatal_accidents_00_14>
        <fatalities_00_14>1</fatalities_00_14>
        <total_incidents>9</total_incidents>
    </Airline>
    <Airline Name="Qantas*">
        <avail_seat_km_per_week>1917428984</avail_seat_km_per_week>
        <incidents_85_99>1</incidents_85_99>
        <fatal_accidents_85_99>0</fatal_accidents_85_99>
        <fatalities_85_99>0</fatalities_85_99>
        <incidents_00_14>5</incidents_00_14>
        <fatal_accidents_00_14>0</fatal_accidents_00_14>
        <fatalities_00_14>0</fatalities_00_14>
        <total_incidents>6</total_incidents>
    </Airline>
    <Airline Name="Royal Air Maroc">
        <avail_seat_km_per_week>295705339</avail_seat_km_per_week>
        <incidents_85_99>5</incidents_85_99>
        <fatal_accidents_85_99>3</fatal_accidents_85_99>
        <fatalities_85_99>51</fatalities_85_99>
        <incidents_00_14>3</incidents_00_14>
        <fatal_accidents_00_14>0</fatal_accidents_00_14>
        <fatalities_00_14>0</fatalities_00_14>
        <total_incidents>8</total_incidents>
    </Airline>
    <Airline Name="SAS*">
        <avail_seat_km_per_week>682971852</avail_seat_km_per_week>
        <incidents_85_99>5</incidents_85_99>
        <fatal_accidents_85_99>0</fatal_accidents_85_99>
        <fatalities_85_99>0</fatalities_85_99>
        <incidents_00_14>6</incidents_00_14>
        <fatal_accidents_00_14>1</fatal_accidents_00_14>
        <fatalities_00_14>110</fatalities_00_14>
        <total_incidents>11</total_incidents>
    </Airline>
    <Airline Name="Saudi Arabian">
        <avail_seat_km_per_week>859673901</avail_seat_km_per_week>
        <incidents_85_99>7</incidents_85_99>
        <fatal_accidents_85_99>2</fatal_accidents_85_99>
        <fatalities_85_99>313</fatalities_85_99>
        <incidents_00_14>11</incidents_00_14>
        <fatal_accidents_00_14>0</fatal_accidents_00_14>
        <fatalities_00_14>0</fatalities_00_14>
        <total_incidents>18</total_incidents>
    </Airline>
    <Airline Name="Singapore Airlines">
        <avail_seat_km_per_week>2376857805</avail_seat_km_per_week>
        <incidents_85_99>2</incidents_85_99>
        <fatal_accidents_85_99>2</fatal_accidents_85_99>
        <fatalities_85_99>6</fatalities_85_99>
        <incidents_00_14>2</incidents_00_14>
        <fatal_accidents_00_14>1</fatal_accidents_00_14>
        <fatalities_00_14>83</fatalities_00_14>
        <total_incidents>4</total_incidents>
    </Airline>
    <Airline Name="South African">
        <avail_seat_km_per_week>651502442</avail_seat_km_per_week>
        <incidents_85_99>2</incidents_85_99>
        <fatal_accidents_85_99>1</fatal_accidents_85_99>
        <fatalities_85_99>159</fatalities_85_99>
        <incidents_00_14>1</incidents_00_14>
        <fatal_accidents_00_14>0</fatal_accidents_00_14>
        <fatalities_00_14>0</fatalities_00_14>
        <total_incidents>3</total_incidents>
    </Airline>
    <Airline Name="Southwest Airlines">
        <avail_seat_km_per_week>3276525770</avail_seat_km_per_week>
        <incidents_85_99>1</incidents_85_99>
        <fatal_accidents_85_99>0</fatal_accidents_85_99>
        <fatalities_85_99>0</fatalities_85_99>
        <incidents_00_14>8</incidents_00_14>
        <fatal_accidents_00_14>0</fatal_accidents_00_14>
        <fatalities_00_14>0</fatalities_00_14>
        <total_incidents>9</total_incidents>
    </Airline>
    <Airline Name="Sri Lankan / AirLanka">
        <avail_seat_km_per_week>325582976</avail_seat_km_per_week>
        <incidents_85_99>2</incidents_85_99>
        <fatal_accidents_85_99>1</fatal_accidents_85_99>
        <fatalities_85_99>14</fatalities_85_99>
        <incidents_00_14>4</incidents_00_14>
        <fatal_accidents_00_14>0</fatal_accidents_00_14>
        <fatalities_00_14>0</fatalities_00_14>
        <total_incidents>6</total_incidents>
    </Airline>
    <Airline Name="SWISS*">
        <avail_seat_km_per_week>792601299</avail_seat_km_per_week>
        <incidents_85_99>2</incidents_85_99>
        <fatal_accidents_85_99>1</fatal_accidents_85_99>
        <fatalities_85_99>229</fatalities_85_99>
        <incidents_00_14>3</incidents_00_14>
        <fatal_accidents_00_14>0</fatal_accidents_00_14>
        <fatalities_00_14>0</fatalities_00_14>
        <total_incidents>5</total_incidents>
    </Airline>
    <Airline Name="TACA">
        <avail_seat_km_per_week>259373346</avail_seat_km_per_week>
        <incidents_85_99>3</incidents_85_99>
        <fatal_accidents_85_99>1</fatal_accidents_85_99>
        <fatalities_85_99>3</fatalities_85_99>
        <incidents_00_14>1</incidents_00_14>
        <fatal_accidents_00_14>1</fatal_accidents_00_14>
        <fatalities_00_14>3</fatalities_00_14>
        <total_incidents>4</total_incidents>
    </Airline>
    <Airline Name="TAM">
        <avail_seat_km_per_week>1509195646</avail_seat_km_per_week>
        <incidents_85_99>8</incidents_85_99>
        <fatal_accidents_85_99>3</fatal_accidents_85_99>
        <fatalities_85_99>98</fatalities_85_99>
        <incidents_00_14>7</incidents_00_14>
        <fatal_accidents_00_14>2</fatal_accidents_00_14>
        <fatalities_00_14>188</fatalities_00_14>
        <total_incidents>15</total_incidents>
    </Airline>
    <Airline Name="TAP - Air Portugal">
        <avail_seat_km_per_week>619130754</avail_seat_km_per_week>
        <incidents_85_99>0</incidents_85_99>
        <fatal_accidents_85_99>0</fatal_accidents_85_99>
        <fatalities_85_99>0</fatalities_85_99>
        <incidents_00_14>0</incidents_00_14>
        <fatal_accidents_00_14>0</fatal_accidents_00_14>
        <fatalities_00_14>0</fatalities_00_14>
        <total_incidents>0</total_incidents>
    </Airline>
    <Airline Name="Thai Airways">
        <avail_seat_km_per_week>1702802250</avail_seat_km_per_week>
        <incidents_85_99>8</incidents_85_99>
        <fatal_accidents_85_99>4</fatal_accidents_85_99>
        <fatalities_85_99>308</fatalities_85_99>
        <incidents_00_14>2</incidents_00_14>
        <fatal_accidents_00_14>1</fatal_accidents_00_14>
        <fatalities_00_14>1</fatalities_00_14>
        <total_incidents>10</total_incidents>
    </Airline>
    <Airline Name="Turkish Airlines">
        <avail_seat_km_per_week>1946098294</avail_seat_km_per_week>
        <incidents_85_99>8</incidents_85_99>
        <fatal_accidents_85_99>3</fatal_accidents_85_99>
        <fatalities_85_99>64</fatalities_85_99>
        <incidents_00_14>8</incidents_00_14>
        <fatal_accidents_00_14>2</fatal_accidents_00_14>
        <fatalities_00_14>84</fatalities_00_14>
        <total_incidents>16</total_incidents>
    </Airline>
    <Airline Name="United / Continental*">
        <avail_seat_km_per_week>7139291291</avail_seat_km_per_week>
        <incidents_85_99>19</incidents_85_99>
        <fatal_accidents_85_99>8</fatal_accidents_85_99>
        <fatalities_85_99>319</fatalities_85_99>
        <incidents_00_14>14</incidents_00_14>
        <fatal_accidents_00_14>2</fatal_accidents_00_14>
        <fatalities_00_14>109</fatalities_00_14>
        <total_incidents>33</total_incidents>
    </Airline>
    <Airline Name="US Airways / America West*">
        <avail_seat_km_per_week>2455687887</avail_seat_km_per_week>
        <incidents_85_99>16</incidents_85_99>
        <fatal_accidents_85_99>7</fatal_accidents_85_99>
        <fatalities_85_99>224</fatalities_85_99>
        <incidents_00_14>11</incidents_00_14>
        <fatal_accidents_00_14>2</fatal_accidents_00_14>
        <fatalities_00_14>23</fatalities_00_14>
        <total_incidents>27</total_incidents>
    </Airline>
    <Airline Name="Vietnam Airlines">
        <avail_seat_km_per_week>625084918</avail_seat_km_per_week>
        <incidents_85_99>7</incidents_85_99>
        <fatal_accidents_85_99>3</fatal_accidents_85_99>
        <fatalities_85_99>171</fatalities_85_99>
        <incidents_00_14>1</incidents_00_14>
        <fatal_accidents_00_14>0</fatal_accidents_00_14>
        <fatalities_00_14>0</fatalities_00_14>
        <total_incidents>8</total_incidents>
    </Airline>
    <Airline Name="Virgin Atlantic">
        <avail_seat_km_per_week>1005248585</avail_seat_km_per_week>
        <incidents_85_99>1</incidents_85_99>
        <fatal_accidents_85_99>0</fatal_accidents_85_99>
        <fatalities_85_99>0</fatalities_85_99>
        <incidents_00_14>0</incidents_00_14>
        <fatal_accidents_00_14>0</fatal_accidents_00_14>
        <fatalities_00_14>0</fatalities_00_14>
        <total_incidents>1</total_incidents>
    </Airline>
    <Airline Name="Xiamen Airlines">
        <avail_seat_km_per_week>430462962</avail_seat_km_per_week>
        <incidents_85_99>9</incidents_85_99>
        <fatal_accidents_85_99>1</fatal_accidents_85_99>
        <fatalities_85_99>82</fatalities_85_99>
        <incidents_00_14>2</incidents_00_14>
        <fatal_accidents_00_14>0</fatal_accidents_00_14>
        <fatalities_00_14>0</fatalities_00_14>
        <total_incidents>11</total_incidents>
    </Airline>
</Flight_Data>
